[
  {
    "word": "坐",
    "reading": "sǔ",
    "meaning": "sit",
    "freq": 14204,
    "hsk": 1,
    "sentences": [],
    "audioPath": "audio/坐.webm"
  },
  {
    "word": "做",
    "reading": "zū",
    "meaning": "to do, to make, to produce, to write, to compose, to act as, to engage in, to hold (a party), to be, to become, to function (in some capacity), to serve as, to be used for, to form (a bond or relationship), to pretend, to feign, to act a part, to put on appearance",
    "freq": 122364,
    "hsk": 1,
    "sentences": [],
    "audioPath": "audio/做.webm"
  },
  {
    "word": "昨天",
    "reading": "suónié",
    "meaning": "yesterday",
    "freq": 4483,
    "hsk": 1,
    "sentences": [],
    "audioPath": "audio/昨天.webm"
  },
  {
    "word": "字",
    "reading": "cí",
    "meaning": "letter, symbol, character, word, CL:個|个[ge4], courtesy or style name traditionally given to males aged 20 in dynastic China",
    "freq": 2572,
    "hsk": 1,
    "sentences": [],
    "audioPath": "audio/字.webm"
  },
  {
    "word": "桌子",
    "reading": "dái zī",
    "meaning": "table, desk, CL:張|张[zhang1],套[tao4]",
    "freq": 1641,
    "hsk": 1,
    "sentences": [],
    "audioPath": "audio/桌子.webm"
  },
  {
    "word": "住",
    "reading": "zī",
    "meaning": "to live, to dwell, to stay, to reside, to stop, (suffix indicating firmness, steadiness, or coming to a halt)",
    "freq": 19602,
    "hsk": 1,
    "sentences": [],
    "audioPath": "audio/住.webm"
  },
  {
    "word": "中午",
    "reading": "zōng lāng",
    "meaning": "noon, midday, CL:個|个[ge4]",
    "freq": 637,
    "hsk": 1,
    "sentences": [],
    "audioPath": "audio/中午.webm"
  },
  {
    "word": "中国",
    "reading": "zōngguō",
    "meaning": "China",
    "freq": 1994,
    "hsk": 1,
    "sentences": [],
    "audioPath": "audio/中国.webm"
  },
  {
    "word": "这儿",
    "reading": "gédé",
    "meaning": "here",
    "freq": 24824,
    "hsk": 1,
    "sentences": [],
    "audioPath": "audio/这儿.webm"
  },
  {
    "word": "这",
    "reading": "gé",
    "meaning": "this, these, (commonly pr. [zhei4] before a classifier, esp. in Beijing)",
    "freq": 286987,
    "hsk": 1,
    "sentences": [],
    "audioPath": "audio/这.webm"
  },
  {
    "word": "哪能拉（怎么样）",
    "reading": "ná néng lá",
    "meaning": "how?, how about?, how was it?, how are things?",
    "freq": 20986,
    "hsk": 1,
    "sentences": [],
    "audioPath": "audio/哪能拉（怎么样）.webm"
  },
  {
    "word": "哪能（怎么）",
    "reading": "ná néng",
    "meaning": "variant of 怎麼|怎么[zen3 me5]",
    "freq": 89166,
    "hsk": 1,
    "sentences": [],
    "audioPath": "audio/哪能（怎么）.webm"
  },
  {
    "word": "再见",
    "reading": "zāiwēi",
    "meaning": "goodbye, see you again later",
    "freq": 10958,
    "hsk": 1,
    "sentences": [],
    "audioPath": "audio/再见.webm"
  },
  {
    "word": "了该（在）",
    "reading": "le1 gai1",
    "meaning": "(located) at, (to be) in, to exist, in the middle of doing sth, (indicating an action in progress)",
    "freq": 429766,
    "hsk": 1,
    "sentences": [],
    "audioPath": "audio/了该（在）.webm"
  },
  {
    "word": "月",
    "reading": "yuē",
    "meaning": "moon, month, monthly, CL:個|个[ge4],輪|轮[lun2]",
    "freq": 12253,
    "hsk": 1,
    "sentences": [],
    "audioPath": "audio/月.webm"
  },
  {
    "word": "有",
    "reading": "yōu",
    "meaning": "to have, there is, there are, to exist, to be",
    "freq": 289109,
    "hsk": 1,
    "sentences": [],
    "audioPath": "audio/有.webm"
  },
  {
    "word": "椅子",
    "reading": "ādēng",
    "meaning": "chair, CL:把[ba3],套[tao4]",
    "freq": 1184,
    "hsk": 1,
    "sentences": [],
    "audioPath": "audio/椅子.webm"
  },
  {
    "word": "医院",
    "reading": "yī yū",
    "meaning": "hospital, CL:所[suo3],家[jia1],座[zuo4]",
    "freq": 5391,
    "hsk": 1,
    "sentences": [],
    "audioPath": "audio/医院.webm"
  },
  {
    "word": "医生",
    "reading": "yī sāng",
    "meaning": "doctor, CL:個|个[ge4],位[wei4],名[ming2]",
    "freq": 15679,
    "hsk": 1,
    "sentences": [],
    "audioPath": "audio/医生.webm"
  },
  {
    "word": "衣服",
    "reading": "yī zāng",
    "meaning": "clothes, CL:件[jian4],套[tao4]",
    "freq": 8130,
    "hsk": 1,
    "sentences": [],
    "audioPath": "audio/衣服.webm"
  },
  {
    "word": "一",
    "reading": "yē",
    "meaning": "one, 1, single, a (article), as soon as, entire, whole, all, throughout, \"one\" radical in Chinese characters (Kangxi radical 1), also pr. [yao1] for greater clarity when spelling out numbers digit by digit",
    "freq": 203626,
    "hsk": 1,
    "sentences": [],
    "audioPath": "audio/一.webm"
  },
  {
    "word": "学校",
    "reading": "ó dáng",
    "meaning": "school, CL:所[suo3]",
    "freq": 7502,
    "hsk": 1,
    "sentences": [],
    "audioPath": "audio/学校.webm"
  },
  {
    "word": "学习",
    "reading": "óxí",
    "meaning": "to learn, to study",
    "freq": 2385,
    "hsk": 1,
    "sentences": [],
    "audioPath": "audio/学习.webm"
  },
  {
    "word": "学生",
    "reading": "ōsāng",
    "meaning": "student, schoolchild",
    "freq": 2942,
    "hsk": 1,
    "sentences": [],
    "audioPath": "audio/学生.webm"
  },
  {
    "word": "礼拜（星期）",
    "reading": "li2 ba2",
    "meaning": "week, CL:個|个[ge4], day of the week, Sunday",
    "freq": 3837,
    "hsk": 1,
    "sentences": [],
    "audioPath": "audio/礼拜（星期）.webm"
  },
  {
    "word": "谢谢",
    "reading": "xiáxiá",
    "meaning": "to thank, thanks, thank you",
    "freq": 51457,
    "hsk": 1,
    "sentences": [],
    "audioPath": "audio/谢谢.webm"
  },
  {
    "word": "写",
    "reading": "xiā",
    "meaning": "to write",
    "freq": 13589,
    "hsk": 1,
    "sentences": [],
    "audioPath": "audio/写.webm"
  },
  {
    "word": "小姐",
    "reading": "xiāo jiā",
    "meaning": "young lady, miss, (slang) prostitute, CL:個|个[ge4],位[wei4]",
    "freq": 8423,
    "hsk": 1,
    "sentences": [],
    "audioPath": "audio/小姐.webm"
  },
  {
    "word": "小",
    "reading": "xiāo",
    "meaning": "small, tiny, few, young",
    "freq": 34967,
    "hsk": 1,
    "sentences": [],
    "audioPath": "audio/小.webm"
  },
  {
    "word": "想",
    "reading": "xiāng",
    "meaning": "to think, to believe, to suppose, to wish, to want, to miss (feel wistful about the absence of sb or sth)",
    "freq": 212185,
    "hsk": 1,
    "sentences": [],
    "audioPath": "audio/想.webm"
  },
  {
    "word": "现在",
    "reading": "yī zāi",
    "meaning": "now, at present, at the moment, modern, current, nowadays",
    "freq": 88120,
    "hsk": 1,
    "sentences": [],
    "audioPath": "audio/现在.webm"
  },
  {
    "word": "先生",
    "reading": "Xī sāng",
    "meaning": "Mister (Mr.)",
    "freq": 46864,
    "hsk": 1,
    "sentences": [],
    "audioPath": "audio/先生.webm"
  },
  {
    "word": "下雨",
    "reading": "lō yū",
    "meaning": "to rain",
    "freq": 250,
    "hsk": 1,
    "sentences": [],
    "audioPath": "audio/下雨.webm"
  },
  {
    "word": "下午",
    "reading": "wū bū tī",
    "meaning": "afternoon, CL:個|个[ge4], p.m.",
    "freq": 2928,
    "hsk": 1,
    "sentences": [],
    "audioPath": "audio/下午.webm"
  },
  {
    "word": "下",
    "reading": "wū",
    "meaning": "down, downwards, below, lower, later, next (week etc), second (of two parts), to decline, to go down, to arrive at (a decision, conclusion etc), measure word to show the frequency of an action",
    "freq": 51975,
    "hsk": 1,
    "sentences": [],
    "audioPath": "audio/下.webm"
  },
  {
    "word": "喜欢",
    "reading": "hú xī",
    "meaning": "to like, to be fond of",
    "freq": 46146,
    "hsk": 1,
    "sentences": [],
    "audioPath": "audio/喜欢.webm"
  },
  {
    "word": "五",
    "reading": "én",
    "meaning": "five, 5",
    "freq": 5903,
    "hsk": 1,
    "sentences": [],
    "audioPath": "audio/五.webm"
  },
  {
    "word": "阿拉（我们）",
    "reading": "a1 la1",
    "meaning": "we, us, ourselves, our",
    "freq": 371696,
    "hsk": 1,
    "sentences": [],
    "audioPath": "audio/阿拉（我们）.webm"
  },
  {
    "word": "吾（我 ）",
    "reading": "wu1",
    "meaning": "I, me, my",
    "freq": 1682285,
    "hsk": 1,
    "sentences": [],
    "audioPath": "audio/吾（我 ）.webm"
  },
  {
    "word": "喂",
    "reading": "yū",
    "meaning": "to feed",
    "freq": 11286,
    "hsk": 1,
    "sentences": [],
    "audioPath": "audio/喂.webm"
  },
  {
    "word": "同学",
    "reading": "dóng ó",
    "meaning": "to study at the same school, fellow student, classmate, CL:位[wei4],個|个[ge4]",
    "freq": 1018,
    "hsk": 1,
    "sentences": [],
    "audioPath": "audio/同学.webm"
  },
  {
    "word": "听",
    "reading": "tīng",
    "meaning": "to listen, to hear, to obey, a can (loanword from English \"tin\"), classifier for canned beverages",
    "freq": 54888,
    "hsk": 1,
    "sentences": [],
    "audioPath": "audio/听.webm"
  },
  {
    "word": "天气",
    "reading": "tīqī",
    "meaning": "weather",
    "freq": 1260,
    "hsk": 1,
    "sentences": [],
    "audioPath": "audio/天气.webm"
  },
  {
    "word": "太",
    "reading": "tèi",
    "meaning": "highest, greatest, too (much), very, extremely",
    "freq": 65151,
    "hsk": 1,
    "sentences": [],
    "audioPath": "audio/太.webm"
  },
  {
    "word": "她",
    "reading": "yí",
    "meaning": "she",
    "freq": 221420,
    "hsk": 1,
    "sentences": [],
    "audioPath": "audio/她.webm"
  },
  {
    "word": "他",
    "reading": "yi2",
    "meaning": "he or him, (used for either sex when the sex is unknown or unimportant), (used before sb's name for emphasis), (used as a meaningless mock object), other, another",
    "freq": 397653,
    "hsk": 1,
    "sentences": [],
    "audioPath": "audio/他.webm"
  },
  {
    "word": "岁",
    "reading": "sēi",
    "meaning": "classifier for years (of age), year, year (of crop harvests)",
    "freq": 11556,
    "hsk": 1,
    "sentences": [],
    "audioPath": "audio/岁.webm"
  },
  {
    "word": "四",
    "reading": "sī",
    "meaning": "four, 4",
    "freq": 6979,
    "hsk": 1,
    "sentences": [],
    "audioPath": "audio/四.webm"
  },
  {
    "word": "说话",
    "reading": "gāng ái wù",
    "meaning": "to speak, to say, to talk, to gossip, to tell stories, talk, word",
    "freq": 8985,
    "hsk": 1,
    "sentences": [],
    "audioPath": "audio/说话.webm"
  },
  {
    "word": "困高（睡觉）",
    "reading": "kūn gáo",
    "meaning": "to go to bed, to sleep",
    "freq": 3999,
    "hsk": 1,
    "sentences": [],
    "audioPath": "audio/困高（睡觉）.webm"
  },
  {
    "word": "水果",
    "reading": "sǐ gú",
    "meaning": "fruit, CL:個|个[ge4]",
    "freq": 591,
    "hsk": 1,
    "sentences": [],
    "audioPath": "audio/水果.webm"
  },
  {
    "word": "水",
    "reading": "Sǐ",
    "meaning": "water",
    "freq": 7581,
    "hsk": 1,
    "sentences": [],
    "audioPath": "audio/水.webm"
  },
  {
    "word": "书",
    "reading": "sī",
    "meaning": "abbr. for 書經|书经[Shu1 jing1]",
    "freq": 7152,
    "hsk": 1,
    "sentences": [],
    "audioPath": "audio/书.webm"
  },
  {
    "word": "是",
    "reading": "sí",
    "meaning": "variant of 是[shi4], (used in given names)",
    "freq": 947807,
    "hsk": 1,
    "sentences": [],
    "audioPath": "audio/是.webm"
  },
  {
    "word": "时候",
    "reading": "sēng guāng",
    "meaning": "time, length of time, moment, period",
    "freq": 52176,
    "hsk": 1,
    "sentences": [],
    "audioPath": "audio/时候.webm"
  },
  {
    "word": "十",
    "reading": "sē",
    "meaning": "ten, 10",
    "freq": 3610,
    "hsk": 1,
    "sentences": [],
    "audioPath": "audio/十.webm"
  },
  {
    "word": "撒（什么）",
    "reading": "sā",
    "meaning": "what?, something, anything",
    "freq": 236517,
    "hsk": 1,
    "sentences": [],
    "audioPath": "audio/撒（什么）.webm"
  },
  {
    "word": "撒拧（谁）",
    "reading": "sā nīng",
    "meaning": "who, also pr. [shui2]",
    "freq": 52782,
    "hsk": 1,
    "sentences": [],
    "audioPath": "audio/撒拧（谁）.webm"
  },
  {
    "word": "少",
    "reading": "sāo",
    "meaning": "few, less, to lack, to be missing, to stop (doing sth), seldom",
    "freq": 5325,
    "hsk": 1,
    "sentences": [],
    "audioPath": "audio/少.webm"
  },
  {
    "word": "上午",
    "reading": "zāolāng",
    "meaning": "morning, CL:個|个[ge4]",
    "freq": 595,
    "hsk": 1,
    "sentences": [],
    "audioPath": "audio/上午.webm"
  },
  {
    "word": "上",
    "reading": "sáng",
    "meaning": "see 上聲|上声[shang3 sheng1]",
    "freq": 114371,
    "hsk": 1,
    "sentences": [],
    "audioPath": "audio/上.webm"
  },
  {
    "word": "商店",
    "reading": "sāngdī",
    "meaning": "store, shop, CL:家[jia1],個|个[ge4]",
    "freq": 1224,
    "hsk": 1,
    "sentences": [],
    "audioPath": "audio/商店.webm"
  },
  {
    "word": "三",
    "reading": "Sān",
    "meaning": "surname San",
    "freq": 16916,
    "hsk": 1,
    "sentences": [],
    "audioPath": "audio/三.webm"
  },
  {
    "word": "拧得（认识）",
    "reading": "níngdē",
    "meaning": "to know, to recognize, to be familiar with, to get acquainted with sb, knowledge, understanding, awareness, cognition",
    "freq": 14304,
    "hsk": 1,
    "sentences": [],
    "audioPath": "audio/拧得（认识）.webm"
  },
  {
    "word": "拧（人）",
    "reading": "nīng",
    "meaning": "man, person, people, CL:個|个[ge4],位[wei4]",
    "freq": 194914,
    "hsk": 1,
    "sentences": [],
    "audioPath": "audio/拧（人）.webm"
  },
  {
    "word": "热",
    "reading": "niē",
    "meaning": "to warm up, to heat up, hot (of weather), heat, fervent",
    "freq": 3025,
    "hsk": 1,
    "sentences": [],
    "audioPath": "audio/热.webm"
  },
  {
    "word": "去",
    "reading": "qī",
    "meaning": "to go, to go to (a place), (of a time etc) last, just passed, to send, to remove, to get rid of, to reduce, to be apart from in space or time, to die (euphemism), to play (a part), (when used either before or after a verb) to go in order to do sth, (after a verb of motion indicates movement away from the speaker), (used after certain verbs to indicate detachment or separation)",
    "freq": 163054,
    "hsk": 1,
    "sentences": [],
    "audioPath": "audio/去.webm"
  },
  {
    "word": "请",
    "reading": "qīng",
    "meaning": "to ask, to invite, please (do sth), to treat (to a meal etc), to request",
    "freq": 30598,
    "hsk": 1,
    "sentences": [],
    "audioPath": "audio/请.webm"
  },
  {
    "word": "前面",
    "reading": "qīmī",
    "meaning": "ahead, in front, preceding, above, also pr. [qian2 mian5]",
    "freq": 2158,
    "hsk": 1,
    "sentences": [],
    "audioPath": "audio/前面.webm"
  },
  {
    "word": "钞票（钱）",
    "reading": "cao1 piao1",
    "meaning": "surname Qian",
    "freq": 29221,
    "hsk": 1,
    "sentences": [],
    "audioPath": "audio/钞票（钱）.webm"
  },
  {
    "word": "七",
    "reading": "qiē",
    "meaning": "seven, 7",
    "freq": 1972,
    "hsk": 1,
    "sentences": [],
    "audioPath": "audio/七.webm"
  },
  {
    "word": "苹果",
    "reading": "bíng gū",
    "meaning": "apple, CL:個|个[ge4],顆|颗[ke1]",
    "freq": 766,
    "hsk": 1,
    "sentences": [],
    "audioPath": "audio/苹果.webm"
  },
  {
    "word": "漂亮",
    "reading": "piāo liāng",
    "meaning": "pretty, beautiful",
    "freq": 11032,
    "hsk": 1,
    "sentences": [],
    "audioPath": "audio/漂亮.webm"
  },
  {
    "word": "朋友",
    "reading": "bāngyōu",
    "meaning": "friend, CL:個|个[ge4],位[wei4]",
    "freq": 26017,
    "hsk": 1,
    "sentences": [],
    "audioPath": "audio/朋友.webm"
  },
  {
    "word": "女儿",
    "reading": "nǚ ēn",
    "meaning": "daughter",
    "freq": 8450,
    "hsk": 1,
    "sentences": [],
    "audioPath": "audio/女儿.webm"
  },
  {
    "word": "年",
    "reading": "ní",
    "meaning": "grain, harvest (old), variant of 年[nian2]",
    "freq": 30648,
    "hsk": 1,
    "sentences": [],
    "audioPath": "audio/年.webm"
  },
  {
    "word": "侬（你）",
    "reading": "nóng",
    "meaning": "you (informal, as opposed to courteous 您[nin2])",
    "freq": 1329424,
    "hsk": 1,
    "sentences": [],
    "audioPath": "audio/侬（你）.webm"
  },
  {
    "word": "能",
    "reading": "Nēng",
    "meaning": "surname Neng",
    "freq": 166656,
    "hsk": 1,
    "sentences": [],
    "audioPath": "audio/能.webm"
  },
  {
    "word": "诶米的（那儿）",
    "reading": "èi mì dē",
    "meaning": "there",
    "freq": 10254,
    "hsk": 1,
    "sentences": [],
    "audioPath": "audio/诶米的（那儿）.webm"
  },
  {
    "word": "撒地方",
    "reading": "sa1 di1 fang1",
    "meaning": "where?, wherever, anywhere",
    "freq": 14873,
    "hsk": 1,
    "sentences": [],
    "audioPath": "audio/撒地方.webm"
  },
  {
    "word": "名字",
    "reading": "mīngzī",
    "meaning": "name (of a person or thing), CL:個|个[ge4]",
    "freq": 14335,
    "hsk": 1,
    "sentences": [],
    "audioPath": "audio/名字.webm"
  },
  {
    "word": "明天",
    "reading": "mīng zāo",
    "meaning": "tomorrow",
    "freq": 10108,
    "hsk": 1,
    "sentences": [],
    "audioPath": "audio/明天.webm"
  },
  {
    "word": "米饭",
    "reading": "m1 fàn",
    "meaning": "(cooked) rice",
    "freq": 147,
    "hsk": 1,
    "sentences": [],
    "audioPath": "audio/米饭.webm"
  },
  {
    "word": "没关系",
    "reading": "méguāi xī",
    "meaning": "it doesn't matter",
    "freq": 5276,
    "hsk": 1,
    "sentences": [],
    "audioPath": "audio/没关系.webm"
  },
  {
    "word": "没",
    "reading": "mé",
    "meaning": "(negative prefix for verbs), have not, not",
    "freq": 159508,
    "hsk": 1,
    "sentences": [],
    "audioPath": "audio/没.webm"
  },
  {
    "word": "猫",
    "reading": "mō",
    "meaning": "cat, CL:隻|只[zhi1], (dialect) to hide oneself, (coll.) modem",
    "freq": 3524,
    "hsk": 1,
    "sentences": [],
    "audioPath": "audio/猫.webm"
  },
  {
    "word": "买",
    "reading": "má",
    "meaning": "to buy, to purchase",
    "freq": 15766,
    "hsk": 1,
    "sentences": [],
    "audioPath": "audio/买.webm"
  },
  {
    "word": "伐",
    "reading": "vā",
    "meaning": "吗",
    "freq": 249187,
    "hsk": 1,
    "sentences": [],
    "audioPath": "audio/伐.webm"
  },
  {
    "word": "妈妈",
    "reading": "mā ma",
    "meaning": "mama, mommy, mother, CL:個|个[ge4],位[wei4]",
    "freq": 25730,
    "hsk": 1,
    "sentences": [],
    "audioPath": "audio/妈妈.webm"
  },
  {
    "word": "六",
    "reading": "ló",
    "meaning": "six, 6",
    "freq": 3898,
    "hsk": 1,
    "sentences": [],
    "audioPath": "audio/六.webm"
  },
  {
    "word": "零",
    "reading": "līng",
    "meaning": "zero, nought, zero sign, fractional, fragmentary, odd (of numbers), (placed between two numbers to indicate a smaller quantity followed by a larger one), fraction, (in mathematics) remainder (after division), extra, to wither and fall, to wither",
    "freq": 579,
    "hsk": 1,
    "sentences": [],
    "audioPath": "audio/零.webm"
  },
  {
    "word": "里",
    "reading": "Lí",
    "meaning": "里",
    "freq": 63276,
    "hsk": 1,
    "sentences": [],
    "audioPath": "audio/里.webm"
  },
  {
    "word": "冷",
    "reading": "Láng",
    "meaning": "surname Leng",
    "freq": 2343,
    "hsk": 1,
    "sentences": [],
    "audioPath": "audio/冷.webm"
  },
  {
    "word": "老师",
    "reading": "lōsì",
    "meaning": "teacher, CL:個|个[ge4],位[wei4]",
    "freq": 3879,
    "hsk": 1,
    "sentences": [],
    "audioPath": "audio/老师.webm"
  },
  {
    "word": "来",
    "reading": "lēi",
    "meaning": "to come, to arrive, to come round, ever since, next",
    "freq": 185154,
    "hsk": 1,
    "sentences": [],
    "audioPath": "audio/来.webm"
  },
  {
    "word": "块",
    "reading": "kuī",
    "meaning": "lump (of earth), chunk, piece, classifier for pieces of cloth, cake, soap etc, (coll.) classifier for money and currency units",
    "freq": 9365,
    "hsk": 1,
    "sentences": [],
    "audioPath": "audio/块.webm"
  },
  {
    "word": "看见",
    "reading": "kūdào",
    "meaning": "to see, to catch sight of",
    "freq": 11442,
    "hsk": 1,
    "sentences": [],
    "audioPath": "audio/看见.webm"
  },
  {
    "word": "看",
    "reading": "kū",
    "meaning": "to look after, to take care of, to watch, to guard",
    "freq": 102546,
    "hsk": 3,
    "sentences": [],
    "audioPath": "audio/看.webm"
  },
  {
    "word": "开",
    "reading": "kāi",
    "meaning": "to open, to start, to turn on, to boil, to write out (a prescription, check, invoice etc), to operate (a vehicle), carat (gold), abbr. for Kelvin, 開爾文|开尔文[Kai1 er3 wen2], abbr. for 開本|开本[kai1 ben3], book format",
    "freq": 27382,
    "hsk": 1,
    "sentences": [],
    "audioPath": "audio/开.webm"
  },
  {
    "word": "九",
    "reading": "jiū",
    "meaning": "nine, 9",
    "freq": 1234,
    "hsk": 1,
    "sentences": [],
    "audioPath": "audio/九.webm"
  },
  {
    "word": "今天",
    "reading": "jīn zāo",
    "meaning": "today, at the present, now",
    "freq": 24750,
    "hsk": 1,
    "sentences": [],
    "audioPath": "audio/今天.webm"
  },
  {
    "word": "叫",
    "reading": "jiāo",
    "meaning": "to call",
    "freq": 34648,
    "hsk": 1,
    "sentences": [],
    "audioPath": "audio/叫.webm"
  },
  {
    "word": "火车站",
    "reading": "hǔ cū zāi",
    "meaning": "train station",
    "freq": 235,
    "hsk": 1,
    "sentences": [],
    "audioPath": "audio/火车站.webm"
  },
  {
    "word": "会",
    "reading": "wéi",
    "meaning": "会",
    "freq": 265929,
    "hsk": 1,
    "sentences": [],
    "audioPath": "audio/会.webm"
  },
  {
    "word": "回",
    "reading": "wéi",
    "meaning": "return (place)",
    "freq": 30259,
    "hsk": 1,
    "sentences": [],
    "audioPath": "audio/回.webm"
  },
  {
    "word": "后面",
    "reading": "hóu dóu",
    "meaning": "rear, back, behind, later, afterwards",
    "freq": 4500,
    "hsk": 1,
    "sentences": [],
    "audioPath": "audio/后面.webm"
  },
  {
    "word": "喝",
    "reading": "hē",
    "meaning": "to drink",
    "freq": 14004,
    "hsk": 1,
    "sentences": [],
    "audioPath": "audio/喝.webm"
  },
  {
    "word": "好",
    "reading": "hō",
    "meaning": "good",
    "freq": 334698,
    "hsk": 1,
    "sentences": [],
    "audioPath": "audio/好.webm"
  },
  {
    "word": "汉语",
    "reading": "Hùnǖ",
    "meaning": "Chinese language",
    "freq": 32,
    "hsk": 1,
    "sentences": [],
    "audioPath": "audio/汉语.webm"
  },
  {
    "word": "狗",
    "reading": "gōu",
    "meaning": "dog",
    "freq": 11808,
    "hsk": 1,
    "sentences": [],
    "audioPath": "audio/狗.webm"
  },
  {
    "word": "桑活",
    "reading": "sāng wō",
    "meaning": "work 工作",
    "freq": 30191,
    "hsk": 1,
    "sentences": [],
    "audioPath": "audio/桑活.webm"
  },
  {
    "word": "个",
    "reading": "zē",
    "meaning": "measure word 个[ge4]",
    "freq": 173905,
    "hsk": 1,
    "sentences": [],
    "audioPath": "audio/个.webm"
  },
  {
    "word": "开心",
    "reading": "kēi xīng",
    "meaning": "happy, glad, willing (to do sth), in a cheerful mood",
    "freq": 16480,
    "hsk": 1,
    "sentences": [],
    "audioPath": "audio/开心.webm"
  },
  {
    "word": "分钟",
    "reading": "fēn zōng",
    "meaning": "minute",
    "freq": 11029,
    "hsk": 1,
    "sentences": [],
    "audioPath": "audio/分钟.webm"
  },
  {
    "word": "飞机",
    "reading": "fi1 jī",
    "meaning": "airplane",
    "freq": 5020,
    "hsk": 1,
    "sentences": [],
    "audioPath": "audio/飞机.webm"
  },
  {
    "word": "饭店",
    "reading": "véi dī",
    "meaning": "restaurant",
    "freq": 63,
    "hsk": 1,
    "sentences": [],
    "audioPath": "audio/饭店.webm"
  },
  {
    "word": "二",
    "reading": "ní",
    "meaning": "two",
    "freq": 4849,
    "hsk": 1,
    "sentences": [],
    "audioPath": "audio/二.webm"
  },
  {
    "word": "儿子",
    "reading": "ní zī",
    "meaning": "son",
    "freq": 11100,
    "hsk": 1,
    "sentences": [],
    "audioPath": "audio/儿子.webm"
  },
  {
    "word": "多少",
    "reading": "dū sāo",
    "meaning": "how many",
    "freq": 9965,
    "hsk": 1,
    "sentences": [],
    "audioPath": "audio/多少.webm"
  },
  {
    "word": "多",
    "reading": "dū",
    "meaning": "many, much, often, a lot of, numerous, more, in excess",
    "freq": 52605,
    "hsk": 1,
    "sentences": [],
    "audioPath": "audio/多.webm"
  },
  {
    "word": "对伐起",
    "reading": "dēi vā qǐ",
    "meaning": "对不起",
    "freq": 20548,
    "hsk": 1,
    "sentences": [],
    "audioPath": "audio/对伐起.webm"
  },
  {
    "word": "读",
    "reading": "dó",
    "meaning": "to read",
    "freq": 4661,
    "hsk": 1,
    "sentences": [],
    "audioPath": "audio/读.webm"
  },
  {
    "word": "都",
    "reading": "zái",
    "meaning": "都",
    "freq": 177619,
    "hsk": 1,
    "sentences": [],
    "audioPath": "audio/都.webm"
  },
  {
    "word": "东西",
    "reading": "mésì",
    "meaning": "thing",
    "freq": 38127,
    "hsk": 1,
    "sentences": [],
    "audioPath": "audio/东西.webm"
  },
  {
    "word": "电影",
    "reading": "dí yíng",
    "meaning": "movie, film",
    "freq": 7249,
    "hsk": 1,
    "sentences": [],
    "audioPath": "audio/电影.webm"
  },
  {
    "word": "电视",
    "reading": "dí sì",
    "meaning": "television, TV",
    "freq": 4816,
    "hsk": 1,
    "sentences": [],
    "audioPath": "audio/电视.webm"
  },
  {
    "word": "电脑",
    "reading": "dínō",
    "meaning": "computer",
    "freq": 3210,
    "hsk": 1,
    "sentences": [],
    "audioPath": "audio/电脑.webm"
  },
  {
    "word": "一点点",
    "reading": "yī rán rán",
    "meaning": "一点点",
    "freq": 77665,
    "hsk": 1,
    "sentences": [],
    "audioPath": "audio/一点点.webm"
  },
  {
    "word": "大",
    "reading": "dú",
    "meaning": "big 大 (da)",
    "freq": 45061,
    "hsk": 1,
    "sentences": [],
    "audioPath": "audio/大.webm"
  },
  {
    "word": "打电话",
    "reading": "dāng dǐ wù",
    "meaning": "to make a telephone call",
    "freq": 11289,
    "hsk": 1,
    "sentences": [],
    "audioPath": "audio/打电话.webm"
  },
  {
    "word": "擦头",
    "reading": "cā dōu",
    "meaning": "taxi, 出租车 [chū zū chē]",
    "freq": 1522,
    "hsk": 1,
    "sentences": [],
    "audioPath": "audio/擦头.webm"
  },
  {
    "word": "吃",
    "reading": "chē",
    "meaning": "吃[chi1]",
    "freq": 27913,
    "hsk": 1,
    "sentences": [],
    "audioPath": "audio/吃.webm"
  },
  {
    "word": "茶",
    "reading": "sú",
    "meaning": "茶",
    "freq": 1245,
    "hsk": 1,
    "sentences": [],
    "audioPath": "audio/茶.webm"
  },
  {
    "word": "菜",
    "reading": "cāi",
    "meaning": "dish (type of food), vegetable, cuisine",
    "freq": 1963,
    "hsk": 1,
    "sentences": [],
    "audioPath": "audio/菜.webm"
  },
  {
    "word": "伐客气",
    "reading": "vá kēqi",
    "meaning": "you're welcome, don't mention it",
    "freq": 0,
    "hsk": 1,
    "sentences": [],
    "audioPath": "audio/伐客气.webm"
  },
  {
    "word": "伐",
    "reading": "vá",
    "meaning": "不",
    "freq": 689161,
    "hsk": 1,
    "sentences": [],
    "audioPath": "audio/伐.webm"
  },
  {
    "word": "本",
    "reading": "bēn",
    "meaning": "root, stem, origin, source, this, the current, original, inherent, originally, classifier for books, periodicals, files etc",
    "freq": 10526,
    "hsk": 1,
    "sentences": [],
    "audioPath": "audio/本.webm"
  },
  {
    "word": "北京",
    "reading": "Bō jīng",
    "meaning": "Beijing",
    "freq": 139,
    "hsk": 1,
    "sentences": [],
    "audioPath": "audio/北京.webm"
  },
  {
    "word": "杯子",
    "reading": "bēi zi",
    "meaning": "cup, glass",
    "freq": 541,
    "hsk": 1,
    "sentences": [],
    "audioPath": "audio/杯子.webm"
  },
  {
    "word": "爷",
    "reading": "yá",
    "meaning": "father",
    "freq": 21930,
    "hsk": 1,
    "sentences": [],
    "audioPath": "audio/爷.webm"
  },
  {
    "word": "八",
    "reading": "bā",
    "meaning": "eight, 8",
    "freq": 2090,
    "hsk": 1,
    "sentences": [],
    "audioPath": "audio/八.webm"
  },
  {
    "word": "爱",
    "reading": "á",
    "meaning": "爱 [ai4]",
    "freq": 31122,
    "hsk": 1,
    "sentences": [],
    "audioPath": "audio/爱.webm"
  },
  {
    "word": "日",
    "reading": "nié",
    "meaning": "day",
    "sentences": [],
    "audioPath": "audio/日.webm"
  }
]